application_id,application_date,requested_loan_amount,loan_purpose,loan_term_months,business_age_years,industry_code,industry_name,annual_revenue,monthly_revenue,monthly_cash_flow,existing_debt,debt_service_coverage_ratio,business_credit_score,guarantor_credit_score,credit_utilization,prior_defaults,delinquencies_last_24_months,average_daily_balance,overdraft_count_12_months,revenue_volatility_score,bank_transaction_volume,fraud_flag,compliance_flag,missing_documents_flag,business_state,business_zip3,risk_score,confidence_score,decision_outcome,denial_reason_code,manual_review_flag
APP-2026-0001,2026-01-02,78289,Inventory financing,48,3.7,811111,Automotive repair and maintenance,774822,64568,1089,252831,0.84,51,570,0.78,2,6,10007,13,62,1047,FALSE,FALSE,FALSE,MO,640,84,0.86,Auto-deny,INSUFFICIENT_CASH_FLOW,FALSE
APP-2026-0002,2026-01-03,347258,Payroll support,60,5.0,722410,Drinking places — alcoholic beverages,4494558,374546,89217,906258,1.5,69,704,0.23,0,1,90880,0,25,1911,FALSE,FALSE,FALSE,PA,196,42,0.94,Auto-approve,,FALSE
APP-2026-0003,2026-01-04,436489,Debt refinancing,24,16.4,236220,Commercial building construction,4818687,401557,148270,927995,2.56,94,725,0.41,0,0,161073,0,40,3840,FALSE,FALSE,FALSE,KY,410,23,0.83,Auto-approve,,FALSE
APP-2026-0004,2026-01-04,237798,Business expansion,48,2.2,441110,New car dealers,1077196,89766,-559,185990,1.04,65,611,0.93,2,7,1039,6,78,112,FALSE,FALSE,FALSE,AR,724,97,0.83,Auto-deny,EXCESSIVE_CREDIT_UTILIZATION,FALSE
APP-2026-0005,2026-01-04,46609,Merchant financing,24,1.3,238220,Plumbing and HVAC contractors,281984,23499,3591,61813,0.64,61,674,0.71,1,4,13524,10,63,844,FALSE,FALSE,FALSE,IN,462,77,0.91,Auto-deny,HIGH_DEBT_BURDEN,FALSE
APP-2026-0006,2026-01-04,354120,Payroll support,36,1.3,811111,Automotive repair and maintenance,599111,49926,-123,319192,1.08,50,607,0.74,0,5,14676,5,73,509,FALSE,FALSE,FALSE,CT,062,95,0.91,Auto-deny,BUSINESS_TOO_NEW,FALSE
APP-2026-0007,2026-01-04,120768,Seasonal cash flow,36,4.5,611430,Professional and management development training,1431169,119264,56838,225788,2.34,72,704,0.22,0,1,48191,2,40,4474,FALSE,FALSE,FALSE,CA,945,14,0.91,Auto-approve,,FALSE
APP-2026-0008,2026-01-05,346427,Payroll support,60,6.6,541611,Management consulting services,4271470,355956,21453,480816,1.81,91,730,0.47,0,1,265367,0,25,3335,FALSE,FALSE,FALSE,NV,889,34,0.94,Auto-approve,,FALSE
APP-2026-0009,2026-01-05,380076,Equipment purchase,60,14.4,441110,New car dealers,3000072,250006,56789,100126,2.43,78,734,0.16,0,1,144544,1,38,3967,FALSE,FALSE,FALSE,GA,310,28,0.97,Auto-approve,,FALSE
APP-2026-0010,2026-01-05,205224,Inventory financing,48,7.4,621210,Offices of dentists,139153,11596,761,39497,0.83,34,666,0.8,0,5,1121,5,61,556,FALSE,FALSE,FALSE,CT,064,68,0.86,Auto-deny,HIGH_DELINQUENCY_RATE,FALSE
APP-2026-0011,2026-01-06,155684,Business expansion,48,7.4,488510,Freight transportation arrangement,661589,55132,5746,165763,0.91,30,603,0.67,1,8,4555,14,83,1082,FALSE,FALSE,FALSE,SC,296,80,0.88,Auto-deny,PRIOR_DEFAULT_HISTORY,FALSE
APP-2026-0012,2026-01-07,432374,Seasonal cash flow,60,4.3,441110,New car dealers,886696,73891,1859,452292,1.03,37,610,0.76,1,4,7919,6,66,925,FALSE,FALSE,FALSE,MI,485,77,0.93,Auto-deny,HIGH_DELINQUENCY_RATE,FALSE
APP-2026-0013,2026-01-07,239177,Equipment purchase,48,7.8,236220,Commercial building construction,4593758,382813,179319,1079326,1.91,68,711,0.23,0,1,157561,1,33,4676,FALSE,FALSE,FALSE,NY,100,27,0.93,Auto-approve,,FALSE
APP-2026-0014,2026-01-09,218882,Business expansion,24,12.5,722511,Restaurants and food services,4406040,367170,142527,952193,1.47,90,714,0.43,0,0,255480,1,24,4189,FALSE,FALSE,FALSE,CT,061,25,0.89,Auto-approve,,FALSE
APP-2026-0015,2026-01-10,258716,Merchant financing,36,4.1,722511,Restaurants and food services,1103667,91972,-3150,381181,0.76,26,606,0.84,0,7,14726,14,91,1260,FALSE,FALSE,FALSE,OH,430,84,0.89,Auto-deny,HIGH_DELINQUENCY_RATE,FALSE
APP-2026-0016,2026-01-10,270474,Seasonal cash flow,24,13.7,484121,General freight trucking,4088365,340697,153978,1007136,1.94,85,802,0.36,0,0,159743,2,15,4459,FALSE,FALSE,FALSE,NY,100,8,0.95,Auto-approve,,FALSE
APP-2026-0017,2026-01-10,406431,Debt refinancing,24,15.6,531120,Lessors of nonresidential buildings,5027268,418939,120953,283175,2.32,75,738,0.16,0,0,250109,2,39,1314,FALSE,FALSE,FALSE,IN,476,45,0.9,Auto-approve,,FALSE
APP-2026-0018,2026-01-12,446592,Equipment purchase,24,4.4,722511,Restaurants and food services,543537,45295,2303,179603,0.73,65,668,0.67,0,5,2212,8,84,255,FALSE,FALSE,FALSE,VA,220,79,0.86,Auto-deny,HIGH_DEBT_BURDEN,FALSE
APP-2026-0019,2026-01-12,382475,Merchant financing,24,14.2,445110,Grocery and specialty food retail,809805,67484,19012,114196,1.63,91,713,0.36,0,0,57651,0,11,1567,FALSE,FALSE,FALSE,AR,717,40,0.85,Auto-approve,,FALSE
APP-2026-0020,2026-01-12,80534,Payroll support,24,11.3,238220,Plumbing and HVAC contractors,1084331,90361,40302,226362,2.36,91,702,0.26,0,0,78877,0,14,1171,FALSE,FALSE,FALSE,CO,800,9,0.98,Auto-approve,,FALSE
APP-2026-0021,2026-01-14,58579,Payroll support,12,6.2,621210,Offices of dentists,1193658,99472,-1878,188441,0.89,62,603,0.7,1,4,2612,5,82,1110,FALSE,FALSE,FALSE,KY,410,77,0.94,Auto-deny,PRIOR_DEFAULT_HISTORY,FALSE
APP-2026-0022,2026-01-15,130206,Debt refinancing,60,1.3,722511,Restaurants and food services,393822,32818,-2572,207602,0.84,28,567,0.81,0,8,5187,12,80,921,FALSE,FALSE,FALSE,CT,066,87,0.88,Auto-deny,LOW_CREDIT_SCORE,FALSE
APP-2026-0023,2026-01-16,287984,Equipment purchase,12,5.3,488510,Freight transportation arrangement,1077689,89807,873,427632,0.67,32,586,0.72,1,3,12639,8,93,454,FALSE,FALSE,FALSE,TX,796,75,0.87,Auto-deny,HIGH_DEBT_BURDEN,FALSE
APP-2026-0024,2026-01-17,43252,Equipment purchase,24,3.2,811111,Automotive repair and maintenance,568137,47345,-2385,111469,0.64,37,608,0.8,2,2,13018,7,94,875,FALSE,FALSE,FALSE,FL,331,75,0.9,Auto-deny,HIGH_DEBT_BURDEN,FALSE
APP-2026-0025,2026-01-17,365191,Seasonal cash flow,36,13.1,448140,Clothing and apparel retail,2179067,181589,52143,367197,1.94,72,707,0.28,0,1,52106,2,21,1120,FALSE,FALSE,FALSE,KY,402,28,0.88,Auto-approve,,FALSE
APP-2026-0026,2026-01-19,66980,Inventory financing,12,5.2,484121,General freight trucking,527060,43922,1950,298123,0.56,56,651,0.84,0,7,11740,6,59,1020,FALSE,FALSE,FALSE,OH,456,69,0.84,Auto-deny,EXCESSIVE_CREDIT_UTILIZATION,FALSE
APP-2026-0027,2026-01-20,39322,Seasonal cash flow,60,16.9,722410,Drinking places — alcoholic beverages,2197274,183106,22363,100819,2.17,79,754,0.27,0,0,55799,0,35,3579,FALSE,FALSE,FALSE,OR,971,13,0.89,Auto-approve,,FALSE
APP-2026-0028,2026-01-22,165561,Payroll support,36,8.1,448140,Clothing and apparel retail,2741835,228486,97404,59853,2.47,82,815,0.22,0,0,49362,1,32,3250,FALSE,FALSE,FALSE,LA,710,29,0.96,Auto-approve,,FALSE
APP-2026-0029,2026-01-22,58029,Equipment purchase,36,8.5,611430,Professional and management development training,4029006,335750,98700,761875,2.1,93,780,0.35,0,0,202852,0,34,3127,FALSE,FALSE,FALSE,AL,360,27,0.87,Auto-approve,,FALSE
APP-2026-0030,2026-01-23,196085,Seasonal cash flow,12,3.0,541611,Management consulting services,695670,57972,-1421,382484,0.78,57,542,0.66,1,5,4437,14,73,161,FALSE,FALSE,FALSE,OK,731,80,0.85,Auto-deny,HIGH_DELINQUENCY_RATE,FALSE
APP-2026-0031,2026-01-23,386731,Merchant financing,12,4.4,488510,Freight transportation arrangement,623680,51973,-2265,191035,0.57,39,570,0.88,0,4,13723,10,75,1152,FALSE,FALSE,FALSE,NJ,074,83,0.88,Auto-deny,HIGH_DEBT_BURDEN,FALSE
APP-2026-0032,2026-01-24,35641,Payroll support,24,18.5,561730,Landscaping services,3094378,257865,122743,667113,2.59,77,772,0.34,0,0,229946,0,23,2967,FALSE,FALSE,FALSE,NV,891,15,0.82,Auto-approve,,FALSE
APP-2026-0033,2026-01-24,88851,Payroll support,24,7.9,561730,Landscaping services,743691,61974,-2838,314367,1.0,58,647,0.74,2,3,12996,11,62,114,FALSE,FALSE,FALSE,AZ,857,69,0.94,Auto-deny,PRIOR_DEFAULT_HISTORY,FALSE
APP-2026-0034,2026-01-25,181693,Inventory financing,24,10.4,441110,New car dealers,1790130,149178,58560,381964,2.56,70,795,0.31,0,1,85028,1,31,2089,FALSE,FALSE,FALSE,GA,319,8,0.84,Auto-approve,,FALSE
APP-2026-0035,2026-01-25,122718,Debt refinancing,36,11.4,523130,Commodity contracts dealers,1883382,156948,38540,142346,2.27,88,734,0.34,0,1,90931,1,27,3440,FALSE,FALSE,FALSE,LA,710,34,0.91,Auto-approve,,FALSE
APP-2026-0036,2026-01-26,264605,Seasonal cash flow,12,0.7,561730,Landscaping services,653208,54434,2381,355198,0.63,57,636,0.77,2,6,11324,10,63,1346,FALSE,FALSE,FALSE,CO,808,70,0.85,Auto-deny,PRIOR_DEFAULT_HISTORY,FALSE
APP-2026-0037,2026-01-28,401760,Debt refinancing,24,11.6,445110,Grocery and specialty food retail,5055408,421284,51270,169285,2.55,70,808,0.19,0,0,384005,0,35,1782,FALSE,FALSE,FALSE,KY,400,44,0.83,Auto-approve,,FALSE
APP-2026-0038,2026-01-28,365922,Business expansion,48,14.0,441110,New car dealers,4491920,374327,157779,991422,2.2,96,772,0.35,0,1,358842,1,19,4402,FALSE,FALSE,FALSE,CA,920,22,0.91,Auto-approve,,FALSE
APP-2026-0039,2026-01-29,418116,Inventory financing,60,17.4,811111,Automotive repair and maintenance,904840,75403,23008,179861,1.58,91,811,0.45,0,0,30607,1,16,3544,FALSE,FALSE,FALSE,CA,906,13,0.96,Auto-approve,,FALSE
APP-2026-0040,2026-01-30,168564,Working capital,36,5.4,484121,General freight trucking,1400148,116679,22109,123721,1.95,75,700,0.21,0,0,88554,1,31,3273,FALSE,FALSE,FALSE,UT,843,8,0.93,Auto-approve,,FALSE
APP-2026-0041,2026-01-30,479734,Business expansion,48,19.8,621111,Offices of physicians,5272033,439336,67570,730070,2.4,92,707,0.2,0,0,195388,1,27,1342,FALSE,FALSE,FALSE,AR,724,18,0.92,Auto-approve,,FALSE
APP-2026-0042,2026-02-01,325935,Payroll support,48,15.5,448140,Clothing and apparel retail,3432158,286013,120432,640996,1.4,95,703,0.15,0,1,200689,0,36,1048,FALSE,FALSE,FALSE,TX,775,35,0.86,Auto-approve,,FALSE
APP-2026-0043,2026-02-02,322093,Payroll support,48,14.3,812112,Beauty salons and personal care,861310,71776,11993,175562,2.41,81,787,0.16,0,1,34816,0,30,2015,FALSE,FALSE,FALSE,IL,610,29,0.98,Auto-approve,,FALSE
APP-2026-0044,2026-02-02,296004,Debt refinancing,60,11.5,722410,Drinking places — alcoholic beverages,2217419,184785,24764,223373,1.55,82,782,0.21,0,0,33692,2,31,3216,FALSE,FALSE,FALSE,GA,303,32,0.9,Auto-approve,,FALSE
APP-2026-0045,2026-02-03,194851,Seasonal cash flow,48,14.5,811111,Automotive repair and maintenance,3887981,323998,43803,673945,2.24,70,739,0.32,0,1,97000,2,15,4268,FALSE,FALSE,FALSE,FL,346,16,0.97,Auto-approve,,FALSE
APP-2026-0046,2026-02-03,31582,Equipment purchase,60,14.1,722410,Drinking places — alcoholic beverages,2231040,185920,60328,309196,1.85,72,783,0.37,0,0,141449,0,21,4605,FALSE,FALSE,FALSE,AR,717,13,0.95,Auto-approve,,FALSE
APP-2026-0047,2026-02-03,95282,Business expansion,24,16.7,236220,Commercial building construction,2509209,209101,39219,74813,2.18,80,742,0.22,0,0,103170,1,42,4074,FALSE,FALSE,FALSE,OK,740,21,0.85,Auto-approve,,FALSE
APP-2026-0048,2026-02-04,209454,Equipment purchase,24,9.9,531120,Lessors of nonresidential buildings,1461422,121785,5141,384104,1.17,69,635,0.66,1,2,10571,3,60,1220,FALSE,FALSE,FALSE,CT,066,57,0.69,Manual review,BORDERLINE_SCORE,TRUE
APP-2026-0049,2026-02-05,244782,Working capital,36,4.6,441110,New car dealers,1109593,92466,-2484,195014,0.71,49,562,0.72,2,7,10333,11,70,278,FALSE,FALSE,FALSE,OR,972,70,0.88,Auto-deny,INSUFFICIENT_CASH_FLOW,FALSE
APP-2026-0050,2026-02-05,404221,Working capital,36,16.1,722410,Drinking places — alcoholic beverages,2287377,190615,50857,259186,2.59,88,747,0.28,0,1,61720,0,24,1324,FALSE,FALSE,FALSE,WA,980,42,0.86,Auto-approve,,FALSE
APP-2026-0051,2026-02-05,263517,Seasonal cash flow,36,7.8,236220,Commercial building construction,1259813,104984,10562,402213,1.09,66,640,0.64,1,1,19969,2,48,1574,FALSE,FALSE,FALSE,VA,226,53,0.65,Manual review,MISSING_DOCUMENTS,TRUE
APP-2026-0052,2026-02-05,34626,Working capital,48,4.6,448140,Clothing and apparel retail,959481,79957,-1322,312638,0.64,42,609,0.9,2,4,2456,12,61,447,FALSE,FALSE,FALSE,UT,841,70,0.93,Auto-deny,HIGH_DEBT_BURDEN,FALSE
APP-2026-0053,2026-02-08,126266,Working capital,60,8.3,523130,Commodity contracts dealers,5314548,442879,192497,619631,1.52,87,794,0.33,0,0,56615,2,24,2707,FALSE,FALSE,FALSE,TX,770,11,0.93,Auto-approve,,FALSE
APP-2026-0054,2026-02-09,404551,Business expansion,12,2.6,236220,Commercial building construction,890686,74224,-4187,219012,1.0,35,596,0.84,2,3,4908,14,84,1131,FALSE,FALSE,FALSE,MO,644,83,0.94,Auto-deny,LOW_CREDIT_SCORE,FALSE
APP-2026-0055,2026-02-09,365909,Business expansion,36,10.7,236220,Commercial building construction,3780501,315042,55620,695414,2.06,80,770,0.42,0,1,180425,0,37,3439,FALSE,FALSE,FALSE,IN,462,37,0.9,Auto-approve,,FALSE
APP-2026-0056,2026-02-10,43131,Merchant financing,24,10.3,722511,Restaurants and food services,4449128,370761,47452,605493,1.52,91,771,0.31,0,1,335939,1,33,2596,FALSE,FALSE,FALSE,SC,296,12,0.84,Auto-approve,,FALSE
APP-2026-0057,2026-02-10,156086,Equipment purchase,60,7.8,441110,New car dealers,4289918,357493,30311,798206,1.71,76,742,0.24,0,0,102547,0,24,3937,FALSE,FALSE,FALSE,WI,548,26,0.91,Auto-approve,,FALSE
APP-2026-0058,2026-02-10,401641,Seasonal cash flow,24,6.8,453998,Miscellaneous specialty retail,373604,31134,3824,107533,0.65,62,559,0.87,0,8,8809,14,59,1271,FALSE,FALSE,FALSE,AZ,855,97,0.82,Auto-deny,EXCESSIVE_CREDIT_UTILIZATION,FALSE
APP-2026-0059,2026-02-10,242456,Equipment purchase,48,4.0,812112,Beauty salons and personal care,3104467,258706,119769,665448,2.07,89,762,0.43,0,1,171185,1,32,3523,FALSE,FALSE,FALSE,IL,610,17,0.98,Auto-approve,,FALSE
APP-2026-0060,2026-02-11,446352,Seasonal cash flow,24,6.9,531120,Lessors of nonresidential buildings,2782349,231862,59689,393254,1.61,78,743,0.39,0,1,102943,1,26,1470,FALSE,FALSE,FALSE,WI,530,27,0.86,Auto-approve,,FALSE
APP-2026-0061,2026-02-11,376197,Seasonal cash flow,12,1.3,621111,Offices of physicians,490877,40906,-1928,105283,1.04,47,595,0.78,0,7,6036,5,84,175,FALSE,FALSE,FALSE,FL,337,92,0.94,Auto-deny,BUSINESS_TOO_NEW,FALSE
APP-2026-0062,2026-02-12,381195,Merchant financing,60,17.2,812112,Beauty salons and personal care,1199029,99919,13908,93495,2.34,87,795,0.42,0,1,87560,0,39,3291,FALSE,FALSE,FALSE,LA,701,33,0.83,Auto-approve,,FALSE
APP-2026-0063,2026-02-13,392627,Seasonal cash flow,24,7.9,621210,Offices of dentists,1804409,150367,29088,275044,1.35,79,730,0.33,0,0,117080,2,15,3754,FALSE,FALSE,FALSE,OH,452,29,0.96,Auto-approve,,FALSE
APP-2026-0064,2026-02-14,284510,Inventory financing,12,5.8,722410,Drinking places — alcoholic beverages,535800,44650,-1709,135344,0.86,40,628,0.93,0,7,11151,6,90,1191,FALSE,FALSE,FALSE,OH,456,92,0.87,Auto-deny,EXCESSIVE_CREDIT_UTILIZATION,FALSE
APP-2026-0065,2026-02-16,92715,Seasonal cash flow,60,14.7,453998,Miscellaneous specialty retail,3421899,285158,13761,568317,2.41,73,762,0.2,0,1,119217,1,27,883,FALSE,FALSE,FALSE,FL,333,36,0.91,Auto-approve,,FALSE
APP-2026-0066,2026-02-17,95951,Equipment purchase,60,2.3,236220,Commercial building construction,1610054,134171,4809,247325,1.16,64,701,0.68,1,2,28684,7,56,1148,FALSE,FALSE,TRUE,SC,298,59,0.71,Manual review,MISSING_DOCUMENTS,TRUE
APP-2026-0067,2026-02-17,390286,Seasonal cash flow,24,6.2,448140,Clothing and apparel retail,5216691,434724,51403,903346,2.17,96,812,0.29,0,0,180599,1,28,1284,FALSE,FALSE,FALSE,SC,296,16,0.89,Auto-approve,,FALSE
APP-2026-0068,2026-02-18,120727,Payroll support,48,8.8,561730,Landscaping services,1810910,150909,62807,292758,2.49,85,752,0.47,0,0,80910,0,26,2465,FALSE,FALSE,FALSE,VA,220,10,0.91,Auto-approve,,FALSE
APP-2026-0069,2026-02-19,84929,Debt refinancing,24,14.5,561730,Landscaping services,5341467,445122,147044,713475,2.52,74,785,0.38,0,0,169258,1,18,3257,FALSE,FALSE,FALSE,MN,550,34,0.92,Auto-approve,,FALSE
APP-2026-0070,2026-02-19,76850,Merchant financing,48,5.3,541611,Management consulting services,473521,39460,2035,112668,1.15,56,653,0.69,1,3,22059,7,56,1946,FALSE,FALSE,FALSE,VA,232,69,0.72,Manual review,LOW_CONFIDENCE,TRUE
APP-2026-0071,2026-02-19,63525,Working capital,60,6.5,441110,New car dealers,275233,22936,1600,108866,0.93,45,656,0.94,1,6,540,5,87,1380,FALSE,FALSE,FALSE,IL,615,80,0.85,Auto-deny,HIGH_DELINQUENCY_RATE,FALSE
APP-2026-0072,2026-02-20,94777,Business expansion,60,4.7,453998,Miscellaneous specialty retail,677522,56460,-4561,259779,0.62,60,670,0.68,1,4,11086,4,73,1093,FALSE,FALSE,FALSE,OH,445,70,0.89,Auto-deny,INSUFFICIENT_CASH_FLOW,FALSE
APP-2026-0073,2026-02-20,210907,Working capital,48,1.8,238220,Plumbing and HVAC contractors,1039072,86589,4267,545153,0.95,53,680,0.79,2,2,4889,12,81,1190,FALSE,FALSE,FALSE,NY,120,85,0.85,Auto-deny,PRIOR_DEFAULT_HISTORY,FALSE
APP-2026-0074,2026-02-21,449285,Debt refinancing,24,12.5,453998,Miscellaneous specialty retail,2226582,185548,55793,234077,2.26,94,782,0.41,0,0,56949,0,26,2416,FALSE,FALSE,FALSE,MN,551,16,0.97,Auto-approve,,FALSE
APP-2026-0075,2026-02-21,377522,Debt refinancing,60,5.0,445110,Grocery and specialty food retail,97749,8146,-1334,31202,0.85,41,610,0.76,1,8,6213,11,74,526,FALSE,FALSE,FALSE,NJ,070,80,0.9,Auto-deny,INSUFFICIENT_CASH_FLOW,FALSE
APP-2026-0076,2026-02-24,457570,Payroll support,24,9.6,611430,Professional and management development training,1222356,101863,30342,171043,1.91,69,747,0.42,0,0,41835,2,42,3949,FALSE,FALSE,FALSE,TN,370,33,0.97,Auto-approve,,FALSE
APP-2026-0077,2026-02-26,104561,Inventory financing,60,5.8,484121,General freight trucking,403542,33628,1383,143546,0.71,27,541,0.94,1,4,12973,8,64,351,FALSE,FALSE,FALSE,KY,416,85,0.89,Auto-deny,INSUFFICIENT_CASH_FLOW,FALSE
APP-2026-0078,2026-02-26,405214,Debt refinancing,36,13.7,484121,General freight trucking,1560771,130064,60973,135860,2.56,71,774,0.13,0,1,105470,2,34,4049,FALSE,FALSE,FALSE,MO,644,11,0.93,Auto-approve,,FALSE
APP-2026-0079,2026-02-27,280087,Business expansion,36,11.2,621210,Offices of dentists,4541911,378493,86351,118450,1.64,90,736,0.37,0,1,67318,2,24,2967,FALSE,FALSE,FALSE,TN,381,14,0.97,Auto-approve,,FALSE
APP-2026-0080,2026-03-01,86385,Working capital,60,16.6,445110,Grocery and specialty food retail,3669035,305753,141542,335765,2.39,76,816,0.42,0,1,184739,2,31,1743,FALSE,FALSE,FALSE,WA,988,40,0.88,Auto-approve,,FALSE
APP-2026-0081,2026-03-01,166585,Debt refinancing,24,5.8,621111,Offices of physicians,984550,82046,5709,234188,0.85,49,580,0.64,1,3,3612,10,93,1186,FALSE,FALSE,FALSE,PA,150,71,0.83,Auto-deny,PRIOR_DEFAULT_HISTORY,FALSE
APP-2026-0082,2026-03-02,183706,Debt refinancing,60,16.9,484121,General freight trucking,4006551,333879,87970,525575,1.44,69,720,0.28,0,1,273501,0,31,1976,FALSE,FALSE,FALSE,OK,744,13,0.94,Auto-approve,,FALSE
APP-2026-0083,2026-03-02,358255,Equipment purchase,36,6.7,722511,Restaurants and food services,3789267,315772,48738,911574,2.2,69,773,0.46,0,0,130025,0,38,3369,FALSE,FALSE,FALSE,CO,800,31,0.9,Auto-approve,,FALSE
APP-2026-0084,2026-03-02,235817,Payroll support,36,19.6,523130,Commodity contracts dealers,1222141,101845,39489,172115,2.2,79,716,0.44,0,0,46912,1,42,1253,FALSE,FALSE,FALSE,SC,294,15,0.87,Auto-approve,,FALSE
APP-2026-0085,2026-03-03,56132,Seasonal cash flow,36,2.6,448140,Clothing and apparel retail,1053536,87795,3275,366142,0.87,29,547,0.7,1,6,7808,6,88,1281,FALSE,FALSE,FALSE,CA,906,91,0.93,Auto-deny,LOW_CREDIT_SCORE,FALSE
APP-2026-0086,2026-03-04,67487,Equipment purchase,48,18.0,453998,Miscellaneous specialty retail,2809467,234122,75612,237330,1.98,71,811,0.35,0,0,70065,1,20,804,FALSE,FALSE,FALSE,WA,988,24,0.86,Auto-approve,,FALSE
APP-2026-0087,2026-03-05,199725,Equipment purchase,48,6.9,236220,Commercial building construction,285976,23831,-1266,60510,0.67,50,622,0.71,1,6,11076,5,70,984,FALSE,FALSE,FALSE,TN,381,92,0.89,Auto-deny,HIGH_DELINQUENCY_RATE,FALSE
APP-2026-0088,2026-03-06,62465,Merchant financing,24,6.4,541611,Management consulting services,1172857,97738,2912,358537,0.78,50,655,0.73,1,2,13774,5,59,782,FALSE,FALSE,FALSE,OH,456,84,0.84,Auto-deny,INSUFFICIENT_CASH_FLOW,FALSE
APP-2026-0089,2026-03-06,381672,Working capital,48,7.8,621210,Offices of dentists,3812592,317716,71226,947594,2.32,69,740,0.39,0,1,232416,2,19,4857,FALSE,FALSE,FALSE,AR,716,11,0.96,Auto-approve,,FALSE
APP-2026-0090,2026-03-06,39621,Debt refinancing,60,6.6,453998,Miscellaneous specialty retail,4141334,345111,26653,453457,1.83,82,767,0.21,0,0,90058,2,27,3586,FALSE,FALSE,FALSE,AR,724,5,0.97,Auto-approve,,FALSE
APP-2026-0091,2026-03-06,78008,Business expansion,60,12.5,236220,Commercial building construction,2530308,210859,75570,421371,1.44,95,794,0.14,0,0,150521,0,30,4316,FALSE,FALSE,FALSE,TN,380,6,0.97,Auto-approve,,FALSE
APP-2026-0092,2026-03-06,235969,Payroll support,12,2.8,445110,Grocery and specialty food retail,997474,83123,-1091,179980,0.64,49,569,0.77,2,2,5567,14,69,324,FALSE,FALSE,FALSE,VA,221,73,0.88,Auto-deny,HIGH_DEBT_BURDEN,FALSE
APP-2026-0093,2026-03-07,235680,Debt refinancing,12,5.5,811111,Automotive repair and maintenance,354115,29510,-1121,129578,0.65,42,640,0.86,2,4,5711,11,75,558,FALSE,FALSE,FALSE,GA,319,72,0.83,Auto-deny,EXCESSIVE_CREDIT_UTILIZATION,FALSE
APP-2026-0094,2026-03-07,93765,Seasonal cash flow,48,8.3,722511,Restaurants and food services,2708926,225744,40217,176516,2.25,78,715,0.39,0,0,80211,0,40,3065,FALSE,FALSE,FALSE,OR,972,19,0.88,Auto-approve,,FALSE
APP-2026-0095,2026-03-07,39408,Inventory financing,48,12.9,445110,Grocery and specialty food retail,2411531,200961,40539,394519,2.32,93,815,0.33,0,1,67929,0,26,2229,FALSE,FALSE,FALSE,MO,636,20,0.91,Auto-approve,,FALSE
APP-2026-0096,2026-03-09,131051,Business expansion,36,8.0,812112,Beauty salons and personal care,4607482,383957,39907,187035,1.85,70,773,0.35,0,0,109548,0,29,1497,FALSE,FALSE,FALSE,NJ,080,38,0.88,Auto-approve,,FALSE
APP-2026-0097,2026-03-10,428973,Inventory financing,36,11.6,238220,Plumbing and HVAC contractors,3008291,250691,63591,238724,2.31,92,782,0.47,0,1,128162,1,38,3892,FALSE,FALSE,FALSE,KY,410,27,0.84,Auto-approve,,FALSE
APP-2026-0098,2026-03-10,37496,Business expansion,36,4.9,339999,Miscellaneous manufacturing,955514,79626,3747,293235,1.01,49,543,0.8,0,5,2881,4,61,489,FALSE,FALSE,FALSE,GA,319,89,0.85,Auto-deny,LOW_CREDIT_SCORE,FALSE
APP-2026-0099,2026-03-11,43812,Payroll support,48,1.3,339999,Miscellaneous manufacturing,944736,78728,-4413,433807,0.82,27,617,0.92,2,3,11224,14,87,778,FALSE,FALSE,FALSE,MI,495,78,0.89,Auto-deny,PRIOR_DEFAULT_HISTORY,FALSE
APP-2026-0100,2026-03-11,162074,Inventory financing,12,6.7,611430,Professional and management development training,1117492,93124,-601,336897,0.98,43,680,0.82,2,8,8451,9,61,174,FALSE,FALSE,FALSE,MO,631,71,0.94,Auto-deny,LOW_CREDIT_SCORE,FALSE
APP-2026-0101,2026-03-11,234386,Inventory financing,60,7.1,812112,Beauty salons and personal care,1170591,97549,-325,246222,1.21,64,656,0.53,0,2,6363,4,51,1741,TRUE,FALSE,FALSE,WI,548,63,0.74,Manual review,FRAUD_REVIEW,TRUE
APP-2026-0102,2026-03-12,66404,Business expansion,36,7.2,812112,Beauty salons and personal care,927455,77288,5822,306672,0.89,23,667,0.96,1,5,7128,10,60,1274,FALSE,FALSE,FALSE,MI,495,91,0.91,Auto-deny,PRIOR_DEFAULT_HISTORY,FALSE
APP-2026-0103,2026-03-12,149443,Business expansion,48,0.5,339999,Miscellaneous manufacturing,939908,78326,-4609,263143,0.81,62,542,0.94,0,8,11269,10,77,292,FALSE,FALSE,FALSE,AR,717,98,0.83,Auto-deny,HIGH_DEBT_BURDEN,FALSE
APP-2026-0104,2026-03-12,261635,Equipment purchase,60,19.4,236220,Commercial building construction,2826893,235574,15014,163668,2.1,79,793,0.4,0,1,188914,2,17,3955,FALSE,FALSE,FALSE,FL,346,5,0.9,Auto-approve,,FALSE
APP-2026-0105,2026-03-13,150190,Working capital,60,4.7,541611,Management consulting services,396943,33079,5935,84891,0.55,44,678,0.76,2,3,9570,4,82,1150,FALSE,FALSE,FALSE,NJ,074,96,0.85,Auto-deny,HIGH_DEBT_BURDEN,FALSE
APP-2026-0106,2026-03-15,98116,Seasonal cash flow,36,10.2,236220,Commercial building construction,4377846,364820,154141,343308,2.38,87,787,0.34,0,0,80688,1,33,3577,FALSE,FALSE,FALSE,NV,893,43,0.9,Auto-approve,,FALSE
APP-2026-0107,2026-03-15,72181,Business expansion,12,5.8,811111,Automotive repair and maintenance,258220,21518,-3209,139521,0.64,64,630,0.68,2,2,9727,14,83,759,FALSE,FALSE,FALSE,CO,804,76,0.85,Auto-deny,PRIOR_DEFAULT_HISTORY,FALSE
APP-2026-0108,2026-03-15,405601,Business expansion,36,5.7,484121,General freight trucking,698954,58246,-1658,388573,0.52,50,566,0.83,2,7,9705,7,93,876,FALSE,FALSE,FALSE,NY,104,90,0.91,Auto-deny,HIGH_DELINQUENCY_RATE,FALSE
APP-2026-0109,2026-03-16,145636,Debt refinancing,36,18.4,445110,Grocery and specialty food retail,4333863,361155,33013,899884,2.2,95,740,0.36,0,0,318356,2,28,3257,FALSE,FALSE,FALSE,LA,710,12,0.98,Auto-approve,,FALSE
APP-2026-0110,2026-03-17,436925,Inventory financing,24,3.8,441110,New car dealers,81417,6785,2009,25471,1.08,30,617,0.67,1,2,11224,9,74,248,FALSE,FALSE,FALSE,WI,548,69,0.87,Auto-deny,PRIOR_DEFAULT_HISTORY,FALSE
APP-2026-0111,2026-03-17,497739,Working capital,36,17.3,441110,New car dealers,969826,80819,10116,137439,2.31,88,733,0.18,0,1,66154,2,37,879,FALSE,FALSE,FALSE,GA,303,39,0.83,Auto-approve,,FALSE
APP-2026-0112,2026-03-19,179753,Business expansion,12,7.7,561730,Landscaping services,1139980,94998,5699,430503,0.74,53,646,0.86,1,5,3240,5,94,143,FALSE,FALSE,FALSE,FL,337,76,0.85,Auto-deny,HIGH_DELINQUENCY_RATE,FALSE
APP-2026-0113,2026-03-19,94920,Merchant financing,48,3.7,488510,Freight transportation arrangement,323062,26922,-3444,60488,0.51,30,583,0.73,1,6,4895,5,81,781,FALSE,FALSE,FALSE,UT,847,76,0.93,Auto-deny,HIGH_DELINQUENCY_RATE,FALSE
APP-2026-0114,2026-03-20,167225,Merchant financing,36,14.8,561730,Landscaping services,3785105,315425,113424,908130,1.78,92,802,0.17,0,0,180801,2,15,3637,FALSE,FALSE,FALSE,PA,195,17,0.95,Auto-approve,,FALSE
APP-2026-0115,2026-03-21,44503,Inventory financing,24,5.0,531120,Lessors of nonresidential buildings,841883,70157,2414,186063,0.56,64,596,0.62,1,8,10881,8,93,1149,FALSE,FALSE,FALSE,IL,606,83,0.84,Auto-deny,PRIOR_DEFAULT_HISTORY,FALSE
APP-2026-0116,2026-03-22,307336,Working capital,60,12.7,453998,Miscellaneous specialty retail,1092680,91057,12216,269956,2.41,94,785,0.14,0,0,57026,0,24,1356,FALSE,FALSE,FALSE,TX,775,28,0.83,Auto-approve,,FALSE
APP-2026-0117,2026-03-22,195939,Inventory financing,48,3.8,621111,Offices of physicians,636190,53016,-1565,226259,0.9,44,605,0.89,2,2,1288,10,86,939,FALSE,FALSE,FALSE,AZ,852,79,0.89,Auto-deny,INSUFFICIENT_CASH_FLOW,FALSE
APP-2026-0118,2026-03-22,77976,Merchant financing,60,5.1,484121,General freight trucking,595448,49621,5605,166677,0.79,57,662,0.64,1,5,2748,10,70,1396,FALSE,FALSE,FALSE,FL,331,93,0.82,Auto-deny,HIGH_DELINQUENCY_RATE,FALSE
APP-2026-0119,2026-03-22,228503,Merchant financing,48,8.8,441110,New car dealers,1615483,134624,62181,346711,2.33,79,768,0.27,0,1,39038,2,31,903,FALSE,FALSE,FALSE,TN,376,45,0.96,Auto-approve,,FALSE
APP-2026-0120,2026-03-24,382682,Working capital,12,4.0,453998,Miscellaneous specialty retail,932518,77710,-3022,420855,0.71,35,655,0.72,1,8,2464,5,68,703,FALSE,FALSE,FALSE,AZ,857,74,0.93,Auto-deny,HIGH_DEBT_BURDEN,FALSE
APP-2026-0121,2026-03-25,226185,Payroll support,24,8.5,441110,New car dealers,2695528,224627,19880,514656,2.36,95,770,0.16,0,0,54448,0,20,4129,FALSE,FALSE,FALSE,KY,410,15,0.88,Auto-approve,,FALSE
APP-2026-0122,2026-03-25,353010,Working capital,48,12.0,523130,Commodity contracts dealers,980032,81669,11275,85923,2.24,93,760,0.31,0,0,69731,2,18,3486,FALSE,FALSE,FALSE,MN,560,42,0.87,Auto-approve,,FALSE
APP-2026-0123,2026-03-26,208675,Merchant financing,60,6.0,488510,Freight transportation arrangement,962960,80247,1417,326041,1.1,56,688,0.68,1,4,28712,6,59,1976,FALSE,FALSE,FALSE,NY,112,70,0.78,Manual review,CONFLICTING_DATA,TRUE
APP-2026-0124,2026-03-26,276401,Seasonal cash flow,48,3.0,722511,Restaurants and food services,876686,73057,399,362305,0.69,63,574,0.72,2,7,3790,11,78,443,FALSE,FALSE,FALSE,NV,890,98,0.89,Auto-deny,HIGH_DEBT_BURDEN,FALSE
APP-2026-0125,2026-03-27,102983,Working capital,36,2.9,722511,Restaurants and food services,410309,34192,2157,229125,1.06,63,621,0.68,2,7,10555,9,72,1286,FALSE,FALSE,FALSE,MO,640,72,0.84,Auto-deny,INSUFFICIENT_CASH_FLOW,FALSE
APP-2026-0126,2026-03-29,242401,Seasonal cash flow,24,13.0,484121,General freight trucking,1438703,119892,14801,331875,1.62,76,716,0.46,0,0,62018,1,28,2092,FALSE,FALSE,FALSE,MI,490,40,0.87,Auto-approve,,FALSE
APP-2026-0127,2026-03-30,62036,Merchant financing,60,4.7,811111,Automotive repair and maintenance,557407,46451,-763,190469,0.73,62,643,0.77,0,5,11531,5,92,92,FALSE,FALSE,FALSE,LA,704,69,0.91,Auto-deny,INSUFFICIENT_CASH_FLOW,FALSE
APP-2026-0128,2026-03-31,186258,Working capital,12,6.4,541611,Management consulting services,833112,69426,2859,410450,0.95,44,668,0.73,1,3,927,9,72,140,FALSE,FALSE,FALSE,AZ,855,93,0.95,Auto-deny,PRIOR_DEFAULT_HISTORY,FALSE
APP-2026-0129,2026-03-31,157443,Merchant financing,36,11.4,488510,Freight transportation arrangement,1939801,161650,63138,409700,1.98,96,813,0.37,0,1,120477,0,28,3810,FALSE,FALSE,FALSE,NV,890,34,0.94,Auto-approve,,FALSE
APP-2026-0130,2026-03-31,50561,Equipment purchase,12,1.9,611430,Professional and management development training,444474,37040,3418,97958,0.72,49,611,0.81,0,3,10068,8,58,756,FALSE,FALSE,FALSE,FL,346,72,0.94,Auto-deny,EXCESSIVE_CREDIT_UTILIZATION,FALSE
APP-2026-0131,2026-04-03,341026,Business expansion,12,0.7,541611,Management consulting services,1163950,96996,1143,444238,0.97,50,664,0.63,2,3,5748,12,63,276,FALSE,FALSE,FALSE,LA,710,88,0.83,Auto-deny,BUSINESS_TOO_NEW,FALSE
APP-2026-0132,2026-04-03,50917,Merchant financing,24,0.9,523130,Commodity contracts dealers,429975,35831,1024,105733,0.65,28,569,0.7,2,2,1221,4,73,174,FALSE,FALSE,FALSE,AZ,855,97,0.94,Auto-deny,INSUFFICIENT_CASH_FLOW,FALSE
APP-2026-0133,2026-04-03,219661,Inventory financing,12,6.7,445110,Grocery and specialty food retail,553081,46090,-2336,201264,0.54,24,615,0.63,1,2,1715,9,68,848,FALSE,FALSE,FALSE,PA,195,78,0.9,Auto-deny,PRIOR_DEFAULT_HISTORY,FALSE
APP-2026-0134,2026-04-04,339738,Payroll support,48,13.8,611430,Professional and management development training,4556113,379676,26326,339579,2.0,85,741,0.48,0,1,305501,1,30,2218,FALSE,FALSE,FALSE,FL,333,21,0.92,Auto-approve,,FALSE
APP-2026-0135,2026-04-05,449665,Equipment purchase,12,3.7,541611,Management consulting services,371996,31000,-1615,110047,0.97,58,629,0.8,2,6,3258,9,76,672,FALSE,FALSE,FALSE,AL,350,72,0.95,Auto-deny,PRIOR_DEFAULT_HISTORY,FALSE
APP-2026-0136,2026-04-07,44135,Payroll support,60,6.3,448140,Clothing and apparel retail,731580,60965,362,155027,0.82,22,634,0.69,2,8,5479,13,73,1030,FALSE,FALSE,FALSE,AL,360,92,0.92,Auto-deny,LOW_CREDIT_SCORE,FALSE
APP-2026-0137,2026-04-07,73292,Business expansion,36,5.5,238220,Plumbing and HVAC contractors,392778,32732,-3525,193056,0.54,28,605,0.84,1,4,4827,11,61,284,FALSE,FALSE,FALSE,IN,470,79,0.92,Auto-deny,HIGH_DEBT_BURDEN,FALSE
APP-2026-0138,2026-04-07,58810,Working capital,24,3.0,523130,Commodity contracts dealers,974161,81180,2570,267683,0.96,62,587,0.68,2,5,6981,4,70,1000,FALSE,FALSE,FALSE,MO,640,74,0.86,Auto-deny,PRIOR_DEFAULT_HISTORY,FALSE
APP-2026-0139,2026-04-08,62431,Business expansion,36,9.0,541611,Management consulting services,2937819,244818,42717,168959,1.38,73,763,0.31,0,0,98623,1,38,2557,FALSE,FALSE,FALSE,AR,720,9,0.89,Auto-approve,,FALSE
APP-2026-0140,2026-04-08,55822,Business expansion,24,3.4,541611,Management consulting services,735682,61307,4046,138559,0.51,38,591,0.83,1,8,4195,14,81,1285,FALSE,FALSE,FALSE,UT,841,77,0.88,Auto-deny,LOW_CREDIT_SCORE,FALSE
APP-2026-0141,2026-04-09,164883,Debt refinancing,36,19.9,722511,Restaurants and food services,3897214,324768,148632,183533,2.26,75,806,0.12,0,0,186428,1,37,3907,FALSE,FALSE,FALSE,AZ,855,22,0.85,Auto-approve,,FALSE
APP-2026-0142,2026-04-10,152045,Equipment purchase,12,6.9,611430,Professional and management development training,378750,31562,-2363,105044,0.63,38,589,0.66,2,8,9794,4,93,1024,FALSE,FALSE,FALSE,MI,482,76,0.83,Auto-deny,PRIOR_DEFAULT_HISTORY,FALSE
APP-2026-0143,2026-04-11,170406,Debt refinancing,48,4.3,812112,Beauty salons and personal care,338289,28191,1006,60537,0.72,62,605,0.88,2,2,10230,4,64,120,FALSE,FALSE,FALSE,OH,430,80,0.84,Auto-deny,EXCESSIVE_CREDIT_UTILIZATION,FALSE
APP-2026-0144,2026-04-11,20305,Merchant financing,36,6.2,445110,Grocery and specialty food retail,433591,36133,4441,106570,0.78,27,573,0.83,2,5,7109,10,88,865,FALSE,FALSE,FALSE,CO,808,98,0.82,Auto-deny,EXCESSIVE_CREDIT_UTILIZATION,FALSE
APP-2026-0145,2026-04-11,107479,Merchant financing,12,2.9,621210,Offices of dentists,667832,55653,1437,291547,0.57,58,591,0.82,2,3,11669,12,59,1025,FALSE,FALSE,FALSE,OK,730,94,0.93,Auto-deny,PRIOR_DEFAULT_HISTORY,FALSE
APP-2026-0146,2026-04-12,39871,Merchant financing,36,15.2,453998,Miscellaneous specialty retail,1618595,134883,11891,380313,2.11,75,790,0.18,0,0,102384,1,15,2640,FALSE,FALSE,FALSE,OH,456,36,0.97,Auto-approve,,FALSE
APP-2026-0147,2026-04-13,75884,Equipment purchase,60,6.7,611430,Professional and management development training,1335785,111315,-249,196269,1.23,65,656,0.65,1,3,22121,3,63,798,FALSE,FALSE,TRUE,AZ,857,68,0.64,Manual review,MISSING_DOCUMENTS,TRUE
APP-2026-0148,2026-04-13,73760,Inventory financing,36,11.0,441110,New car dealers,1658894,138241,14406,173729,2.32,79,746,0.26,0,0,109310,0,38,3838,FALSE,FALSE,FALSE,MN,550,38,0.88,Auto-approve,,FALSE
APP-2026-0149,2026-04-17,76964,Inventory financing,60,6.6,621210,Offices of dentists,4369162,364097,144572,204506,2.39,70,816,0.2,0,1,213283,0,36,1236,FALSE,FALSE,FALSE,NC,287,10,0.88,Auto-approve,,FALSE
APP-2026-0150,2026-04-17,112114,Working capital,24,18.4,722511,Restaurants and food services,2023474,168623,21114,198785,1.99,88,779,0.24,0,0,111374,0,22,2007,FALSE,FALSE,FALSE,PA,170,34,0.89,Auto-approve,,FALSE
APP-2026-0151,2026-04-17,87026,Working capital,12,3.4,561730,Landscaping services,469553,39129,2973,237024,0.81,63,584,0.81,1,4,2798,6,78,1003,FALSE,FALSE,FALSE,TX,752,83,0.84,Auto-deny,HIGH_DELINQUENCY_RATE,FALSE
APP-2026-0152,2026-04-19,166578,Debt refinancing,48,8.4,722410,Drinking places — alcoholic beverages,1976491,164708,1881,484468,1.23,61,631,0.5,0,3,9245,6,45,1883,FALSE,FALSE,FALSE,CT,066,71,0.63,Manual review,MISSING_DOCUMENTS,TRUE
APP-2026-0153,2026-04-20,489292,Working capital,36,16.7,236220,Commercial building construction,3060947,255079,56984,443049,1.89,75,767,0.27,0,0,74560,0,15,3933,FALSE,FALSE,FALSE,AR,716,19,0.89,Auto-approve,,FALSE
APP-2026-0154,2026-04-22,47431,Business expansion,36,17.7,448140,Clothing and apparel retail,1447261,120605,34911,195738,1.92,94,746,0.18,0,1,57460,2,27,1384,FALSE,FALSE,FALSE,AZ,852,34,0.88,Auto-approve,,FALSE
APP-2026-0155,2026-04-23,127020,Business expansion,48,6.6,811111,Automotive repair and maintenance,978225,81519,-2238,149266,0.68,36,651,0.71,1,3,11634,9,88,1027,FALSE,FALSE,FALSE,MN,560,85,0.83,Auto-deny,INSUFFICIENT_CASH_FLOW,FALSE
APP-2026-0156,2026-04-23,244010,Payroll support,12,7.6,611430,Professional and management development training,901247,75104,4297,152164,0.61,42,596,0.84,0,5,2804,9,62,567,FALSE,FALSE,FALSE,KY,416,94,0.91,Auto-deny,EXCESSIVE_CREDIT_UTILIZATION,FALSE
APP-2026-0157,2026-04-23,48140,Payroll support,24,5.2,722511,Restaurants and food services,397454,33121,1745,221118,0.9,35,562,0.92,0,8,2517,13,82,799,FALSE,FALSE,FALSE,FL,333,76,0.9,Auto-deny,LOW_CREDIT_SCORE,FALSE
APP-2026-0158,2026-04-24,252293,Equipment purchase,36,6.3,561730,Landscaping services,1381784,115149,7234,243740,1.06,55,695,0.66,1,2,34454,6,60,585,FALSE,FALSE,FALSE,NV,893,68,0.65,Manual review,MISSING_DOCUMENTS,TRUE
APP-2026-0159,2026-04-24,74852,Equipment purchase,48,6.7,339999,Miscellaneous manufacturing,1160598,96716,-2396,208491,0.68,54,643,0.67,2,6,974,6,70,491,FALSE,FALSE,FALSE,CT,066,69,0.94,Auto-deny,HIGH_DEBT_BURDEN,FALSE
APP-2026-0160,2026-04-24,91895,Equipment purchase,60,18.4,811111,Automotive repair and maintenance,2295813,191318,85065,331364,1.54,78,809,0.31,0,0,83844,2,41,1544,FALSE,FALSE,FALSE,TN,372,13,0.9,Auto-approve,,FALSE
APP-2026-0161,2026-04-25,236043,Seasonal cash flow,48,4.6,621111,Offices of physicians,4224119,352010,94494,683039,1.66,70,729,0.47,0,0,171301,2,12,2235,FALSE,FALSE,FALSE,NJ,085,16,0.98,Auto-approve,,FALSE
APP-2026-0162,2026-04-25,141864,Working capital,48,12.2,488510,Freight transportation arrangement,1490735,124228,30913,176740,1.93,76,757,0.21,0,0,36632,1,34,4225,FALSE,FALSE,FALSE,OH,441,17,0.94,Auto-approve,,FALSE
APP-2026-0163,2026-04-25,463753,Equipment purchase,60,11.7,448140,Clothing and apparel retail,2129058,177422,27675,83082,2.25,82,704,0.23,0,0,82289,0,30,3340,FALSE,FALSE,FALSE,WI,548,21,0.83,Auto-approve,,FALSE
APP-2026-0164,2026-04-25,47050,Debt refinancing,60,13.1,531120,Lessors of nonresidential buildings,2661332,221778,75444,627390,2.17,89,743,0.21,0,1,198216,2,41,4575,FALSE,FALSE,FALSE,KY,416,16,0.97,Auto-approve,,FALSE
APP-2026-0165,2026-04-27,478703,Debt refinancing,60,7.9,339999,Miscellaneous manufacturing,5359334,446611,30645,229628,2.26,94,708,0.47,0,0,97314,2,40,2152,FALSE,FALSE,FALSE,MN,553,18,0.97,Auto-approve,,FALSE
APP-2026-0166,2026-04-28,85848,Payroll support,48,2.8,488510,Freight transportation arrangement,913549,76129,2715,393459,1.02,38,563,0.84,1,3,6578,10,81,462,FALSE,FALSE,FALSE,WI,548,76,0.85,Auto-deny,EXCESSIVE_CREDIT_UTILIZATION,FALSE
APP-2026-0167,2026-04-28,423070,Merchant financing,36,7.5,812112,Beauty salons and personal care,1073486,89457,19183,182093,2.59,75,804,0.45,0,1,67845,2,30,2740,FALSE,FALSE,FALSE,MN,560,31,0.87,Auto-approve,,FALSE
APP-2026-0168,2026-04-29,396928,Merchant financing,48,7.1,488510,Freight transportation arrangement,2667952,222329,46569,635196,1.72,77,798,0.22,0,0,210942,2,41,3397,FALSE,FALSE,FALSE,KY,410,23,0.84,Auto-approve,,FALSE
APP-2026-0169,2026-04-30,401590,Inventory financing,60,4.7,541611,Management consulting services,896120,74677,3856,308339,0.72,30,560,0.79,1,2,2100,10,72,235,FALSE,FALSE,FALSE,NV,895,80,0.95,Auto-deny,EXCESSIVE_CREDIT_UTILIZATION,FALSE
APP-2026-0170,2026-05-01,265979,Equipment purchase,48,19.8,811111,Automotive repair and maintenance,2824684,235390,112769,527110,1.71,90,793,0.48,0,1,70579,0,28,2583,FALSE,FALSE,FALSE,OH,430,8,0.83,Auto-approve,,FALSE
APP-2026-0171,2026-05-02,371905,Inventory financing,48,5.1,445110,Grocery and specialty food retail,937709,78142,34714,58134,2.54,74,807,0.13,0,0,45633,0,40,1737,FALSE,FALSE,FALSE,CO,800,28,0.85,Auto-approve,,FALSE
APP-2026-0172,2026-05-02,280130,Working capital,60,4.2,441110,New car dealers,773844,64487,851,183297,0.89,37,565,0.72,0,3,5706,11,86,752,FALSE,FALSE,FALSE,AZ,857,72,0.89,Auto-deny,LOW_CREDIT_SCORE,FALSE
APP-2026-0173,2026-05-03,31885,Inventory financing,60,2.8,236220,Commercial building construction,530773,44231,3670,126231,1.18,50,656,0.62,1,3,16387,2,66,1922,FALSE,FALSE,TRUE,VA,232,72,0.66,Manual review,MISSING_DOCUMENTS,TRUE
APP-2026-0174,2026-05-03,112755,Debt refinancing,60,12.0,445110,Grocery and specialty food retail,4917824,409819,132372,1095974,2.45,83,702,0.15,0,1,294998,1,25,2562,FALSE,FALSE,FALSE,OR,971,43,0.96,Auto-approve,,FALSE
APP-2026-0175,2026-05-03,380386,Debt refinancing,60,14.7,621111,Offices of physicians,980988,81749,17225,153615,2.58,69,700,0.19,0,0,38993,1,28,3487,FALSE,FALSE,FALSE,OK,730,16,0.84,Auto-approve,,FALSE
APP-2026-0176,2026-05-04,382939,Payroll support,48,5.3,811111,Automotive repair and maintenance,1093352,91113,5801,419778,0.51,56,645,0.62,2,7,5001,12,76,115,FALSE,FALSE,FALSE,IN,476,93,0.94,Auto-deny,HIGH_DEBT_BURDEN,FALSE
APP-2026-0177,2026-05-05,141510,Payroll support,24,1.2,445110,Grocery and specialty food retail,601303,50109,2895,180831,0.88,63,638,0.67,2,6,1394,4,68,1115,FALSE,FALSE,FALSE,NY,120,70,0.92,Auto-deny,HIGH_DELINQUENCY_RATE,FALSE
APP-2026-0178,2026-05-05,52379,Working capital,36,17.3,236220,Commercial building construction,1032320,86027,18796,148872,2.19,87,705,0.43,0,0,79918,2,23,4727,FALSE,FALSE,FALSE,WA,988,17,0.97,Auto-approve,,FALSE
APP-2026-0179,2026-05-06,39918,Payroll support,48,16.1,541611,Management consulting services,1017438,84786,32084,71386,1.69,89,754,0.29,0,1,57143,1,23,4997,FALSE,FALSE,FALSE,OH,445,42,0.9,Auto-approve,,FALSE
APP-2026-0180,2026-05-06,237056,Working capital,48,3.1,531120,Lessors of nonresidential buildings,1040203,86684,5114,246484,0.97,41,561,0.85,1,2,4408,8,65,454,FALSE,FALSE,FALSE,AR,722,81,0.9,Auto-deny,PRIOR_DEFAULT_HISTORY,FALSE
APP-2026-0181,2026-05-07,406189,Merchant financing,60,1.6,812112,Beauty salons and personal care,620826,51736,238,331884,0.92,26,562,0.75,1,6,5843,8,91,1018,FALSE,FALSE,FALSE,TN,372,86,0.89,Auto-deny,PRIOR_DEFAULT_HISTORY,FALSE
APP-2026-0182,2026-05-07,67873,Merchant financing,48,5.4,621210,Offices of dentists,1137378,94782,-2795,432135,0.5,25,650,0.91,1,6,13297,6,95,435,FALSE,FALSE,FALSE,NV,891,89,0.9,Auto-deny,HIGH_DEBT_BURDEN,FALSE
APP-2026-0183,2026-05-08,386408,Debt refinancing,36,4.3,339999,Miscellaneous manufacturing,864816,72068,4198,469115,0.84,40,616,0.85,1,2,6009,8,78,647,FALSE,FALSE,FALSE,AR,716,74,0.84,Auto-deny,HIGH_DEBT_BURDEN,FALSE
APP-2026-0184,2026-05-09,225479,Working capital,60,16.7,722410,Drinking places — alcoholic beverages,2585887,215491,74752,77560,1.8,86,747,0.29,0,0,190418,0,14,3333,FALSE,FALSE,FALSE,KY,405,41,0.83,Auto-approve,,FALSE
APP-2026-0185,2026-05-09,44558,Payroll support,60,5.0,484121,General freight trucking,2069123,172427,65994,341425,1.97,79,820,0.35,0,1,113554,2,36,4144,FALSE,FALSE,FALSE,WI,535,20,0.96,Auto-approve,,FALSE
APP-2026-0186,2026-05-14,439622,Working capital,60,5.1,238220,Plumbing and HVAC contractors,1093868,91156,25003,67668,2.48,95,742,0.15,0,0,48250,2,41,2555,FALSE,FALSE,FALSE,IL,610,20,0.95,Auto-approve,,FALSE
APP-2026-0187,2026-05-15,60414,Business expansion,24,2.5,236220,Commercial building construction,386047,32171,-3964,101739,0.75,48,616,0.78,0,4,4623,7,89,1296,FALSE,FALSE,FALSE,WA,988,77,0.82,Auto-deny,HIGH_DELINQUENCY_RATE,FALSE
APP-2026-0188,2026-05-15,156443,Business expansion,24,14.4,722410,Drinking places — alcoholic beverages,5171300,430942,119974,512297,1.91,76,803,0.43,0,0,396026,1,31,3076,FALSE,FALSE,FALSE,MN,557,10,0.88,Auto-approve,,FALSE
APP-2026-0189,2026-05-15,81056,Payroll support,12,5.9,441110,New car dealers,571035,47586,2032,257486,0.55,28,540,0.69,0,3,10226,7,91,991,FALSE,FALSE,FALSE,NY,110,95,0.87,Auto-deny,INSUFFICIENT_CASH_FLOW,FALSE
APP-2026-0190,2026-05-16,194278,Equipment purchase,60,5.9,722511,Restaurants and food services,4617479,384790,73594,478895,1.85,75,770,0.24,0,1,229576,1,32,3326,FALSE,FALSE,FALSE,NC,282,11,0.95,Auto-approve,,FALSE
APP-2026-0191,2026-05-16,97499,Payroll support,12,5.8,531120,Lessors of nonresidential buildings,275091,22924,-4281,71602,1.02,55,645,0.86,1,5,12753,5,95,275,FALSE,FALSE,FALSE,NV,890,86,0.89,Auto-deny,PRIOR_DEFAULT_HISTORY,FALSE
APP-2026-0192,2026-05-16,231502,Inventory financing,60,6.0,611430,Professional and management development training,496449,41371,1026,122781,1.15,67,689,0.68,1,4,28273,2,66,1485,FALSE,FALSE,FALSE,CT,062,63,0.73,Manual review,FRAUD_REVIEW,TRUE
APP-2026-0193,2026-05-18,30075,Equipment purchase,60,19.6,488510,Freight transportation arrangement,2085222,173768,64040,62995,1.57,78,800,0.46,0,0,99941,0,16,3933,FALSE,FALSE,FALSE,MI,482,27,0.87,Auto-approve,,FALSE
APP-2026-0194,2026-05-18,272006,Inventory financing,60,11.0,561730,Landscaping services,843477,70290,22742,138114,2.19,93,751,0.38,0,1,38364,2,11,4027,FALSE,FALSE,FALSE,OK,730,13,0.96,Auto-approve,,FALSE
APP-2026-0195,2026-05-18,83991,Working capital,48,14.7,238220,Plumbing and HVAC contractors,5288605,440717,166094,715422,2.54,96,756,0.34,0,1,317242,1,20,4688,FALSE,FALSE,FALSE,CO,812,38,0.9,Auto-approve,,FALSE
APP-2026-0196,2026-05-18,223049,Business expansion,48,8.8,531120,Lessors of nonresidential buildings,5080649,423387,43182,625272,1.41,69,770,0.23,0,0,364427,1,16,900,FALSE,FALSE,FALSE,NV,895,16,0.97,Auto-approve,,FALSE
APP-2026-0197,2026-05-19,92251,Debt refinancing,36,9.6,484121,General freight trucking,955300,79608,33816,142421,2.12,81,735,0.35,0,0,34917,2,35,3776,FALSE,FALSE,FALSE,NJ,080,43,0.93,Auto-approve,,FALSE
APP-2026-0198,2026-05-20,202221,Business expansion,24,4.1,236220,Commercial building construction,560136,46678,1276,107437,0.92,28,566,0.73,1,3,6770,6,67,220,FALSE,FALSE,FALSE,IL,600,82,0.87,Auto-deny,INSUFFICIENT_CASH_FLOW,FALSE
APP-2026-0199,2026-05-20,30244,Merchant financing,48,3.2,484121,General freight trucking,1134525,94544,-3262,322135,0.96,41,562,0.72,1,5,6973,14,59,1050,FALSE,FALSE,FALSE,KY,400,93,0.92,Auto-deny,HIGH_DELINQUENCY_RATE,FALSE
APP-2026-0200,2026-05-20,53527,Equipment purchase,36,4.1,523130,Commodity contracts dealers,401130,33428,-1634,225401,0.51,48,565,0.85,1,6,10422,6,84,294,FALSE,FALSE,FALSE,AL,362,71,0.92,Auto-deny,EXCESSIVE_CREDIT_UTILIZATION,FALSE
APP-2026-0201,2026-05-21,238303,Equipment purchase,36,6.1,445110,Grocery and specialty food retail,1100303,91692,9319,279781,1.14,71,704,0.68,0,2,33438,6,59,1386,FALSE,FALSE,FALSE,MI,480,71,0.74,Manual review,LOW_CONFIDENCE,TRUE
APP-2026-0202,2026-05-22,37903,Equipment purchase,48,18.2,236220,Commercial building construction,4693200,391100,151824,125285,2.12,75,780,0.37,0,1,149268,2,15,4355,FALSE,FALSE,FALSE,CO,800,6,0.83,Auto-approve,,FALSE
APP-2026-0203,2026-05-22,255064,Working capital,36,7.7,488510,Freight transportation arrangement,382148,31846,-117,155135,1.06,22,576,0.66,0,6,10275,10,92,1201,FALSE,FALSE,FALSE,LA,704,74,0.87,Auto-deny,HIGH_DELINQUENCY_RATE,FALSE
APP-2026-0204,2026-05-22,283010,Inventory financing,36,14.3,722410,Drinking places — alcoholic beverages,1107930,92328,36092,122320,1.59,71,808,0.42,0,0,73435,0,11,1214,FALSE,FALSE,FALSE,LA,704,9,0.95,Auto-approve,,FALSE
APP-2026-0205,2026-05-24,203342,Debt refinancing,12,2.0,236220,Commercial building construction,498904,41575,-692,211974,1.06,44,644,0.72,0,6,8632,7,88,757,FALSE,FALSE,FALSE,OH,441,97,0.83,Auto-deny,HIGH_DELINQUENCY_RATE,FALSE
APP-2026-0206,2026-05-25,276045,Merchant financing,48,6.5,621111,Offices of physicians,4080303,340025,35957,924190,1.96,81,820,0.46,0,0,224264,0,38,4442,FALSE,FALSE,FALSE,MO,636,39,0.96,Auto-approve,,FALSE
APP-2026-0207,2026-05-25,121054,Business expansion,60,11.0,448140,Clothing and apparel retail,5011997,417666,129780,82186,2.25,81,811,0.36,0,0,69231,1,26,3573,FALSE,FALSE,FALSE,NC,275,25,0.92,Auto-approve,,FALSE
APP-2026-0208,2026-05-26,220543,Equipment purchase,48,1.1,621111,Offices of physicians,152830,12736,3226,90664,0.96,65,577,0.66,1,3,3238,7,70,338,FALSE,FALSE,FALSE,NY,100,74,0.95,Auto-deny,BUSINESS_TOO_NEW,FALSE
APP-2026-0209,2026-05-30,97523,Payroll support,36,15.6,484121,General freight trucking,3286311,273859,129843,262994,1.81,81,705,0.32,0,0,224314,0,11,2936,FALSE,FALSE,FALSE,MO,636,26,0.86,Auto-approve,,FALSE
APP-2026-0210,2026-05-31,172416,Inventory financing,48,8.7,621111,Offices of physicians,2893654,241138,64459,555937,2.58,75,758,0.32,0,1,79967,2,42,1918,FALSE,FALSE,FALSE,IL,610,37,0.86,Auto-approve,,FALSE
APP-2026-0211,2026-06-02,104530,Payroll support,48,1.4,541611,Management consulting services,1046776,87231,-4171,245090,1.04,49,641,0.79,1,7,7490,6,80,519,FALSE,FALSE,FALSE,FL,333,96,0.84,Auto-deny,PRIOR_DEFAULT_HISTORY,FALSE
APP-2026-0212,2026-06-03,55591,Business expansion,36,0.9,621210,Offices of dentists,711567,59297,3037,395177,0.71,42,674,0.69,0,6,1617,12,68,931,FALSE,FALSE,FALSE,CO,800,75,0.93,Auto-deny,HIGH_DELINQUENCY_RATE,FALSE
APP-2026-0213,2026-06-03,113529,Equipment purchase,36,5.9,445110,Grocery and specialty food retail,3990466,332539,144898,914998,2.59,89,811,0.32,0,1,58418,0,33,4883,FALSE,FALSE,FALSE,TN,370,23,0.89,Auto-approve,,FALSE
APP-2026-0214,2026-06-03,65499,Seasonal cash flow,36,13.2,523130,Commodity contracts dealers,4199655,349971,157053,854711,2.37,87,786,0.35,0,0,170219,0,21,3038,FALSE,FALSE,FALSE,TX,750,14,0.91,Auto-approve,,FALSE
APP-2026-0215,2026-06-07,121078,Merchant financing,60,6.6,523130,Commodity contracts dealers,211205,17600,4459,45016,0.96,56,587,0.74,0,5,2367,8,89,1160,FALSE,FALSE,FALSE,PA,196,80,0.9,Auto-deny,HIGH_DELINQUENCY_RATE,FALSE
APP-2026-0216,2026-06-09,160324,Payroll support,36,5.7,441110,New car dealers,3799115,316593,104098,652733,1.72,90,737,0.13,0,1,173906,0,13,4869,FALSE,FALSE,FALSE,VA,221,45,0.85,Auto-approve,,FALSE
APP-2026-0217,2026-06-09,124699,Equipment purchase,60,3.4,484121,General freight trucking,1436594,119716,10303,249041,1.17,63,665,0.49,1,2,8119,4,55,879,TRUE,FALSE,FALSE,AL,362,67,0.79,Manual review,FRAUD_REVIEW,TRUE
APP-2026-0218,2026-06-09,124954,Equipment purchase,24,8.5,611430,Professional and management development training,973585,81132,7476,324620,1.09,67,620,0.6,0,4,14853,3,46,1453,FALSE,FALSE,TRUE,WI,531,59,0.69,Manual review,MISSING_DOCUMENTS,TRUE
APP-2026-0219,2026-06-10,31380,Debt refinancing,60,18.0,611430,Professional and management development training,1546609,128884,12111,269802,2.12,96,813,0.13,0,0,38819,0,12,4457,FALSE,FALSE,FALSE,NY,112,33,0.86,Auto-approve,,FALSE
APP-2026-0220,2026-06-11,244204,Inventory financing,24,11.0,611430,Professional and management development training,4724894,393741,33918,1035683,1.78,78,741,0.36,0,0,202912,1,41,3161,FALSE,FALSE,FALSE,TN,372,25,0.86,Auto-approve,,FALSE
APP-2026-0221,2026-06-11,332805,Debt refinancing,48,5.5,812112,Beauty salons and personal care,371879,30990,5376,135166,0.64,64,579,0.86,1,2,7857,13,88,1272,FALSE,FALSE,FALSE,UT,847,85,0.82,Auto-deny,EXCESSIVE_CREDIT_UTILIZATION,FALSE
APP-2026-0222,2026-06-11,246770,Payroll support,36,9.9,561730,Landscaping services,5234916,436243,48821,951328,1.51,77,746,0.44,0,0,217595,0,25,1642,FALSE,FALSE,FALSE,WA,981,20,0.96,Auto-approve,,FALSE
APP-2026-0223,2026-06-12,192353,Working capital,36,4.7,236220,Commercial building construction,3845395,320450,107858,315971,2.28,79,800,0.14,0,0,84349,2,31,1892,FALSE,FALSE,FALSE,CO,808,34,0.98,Auto-approve,,FALSE
APP-2026-0224,2026-06-12,129774,Payroll support,60,6.5,238220,Plumbing and HVAC contractors,429760,35813,-3148,99201,0.9,25,580,0.66,2,5,13644,13,86,451,FALSE,FALSE,FALSE,TN,370,68,0.93,Auto-deny,LOW_CREDIT_SCORE,FALSE
APP-2026-0225,2026-06-13,128816,Debt refinancing,36,2.6,531120,Lessors of nonresidential buildings,381680,31807,5129,216807,0.89,47,549,0.75,1,7,4392,4,88,630,FALSE,FALSE,FALSE,CO,802,77,0.86,Auto-deny,PRIOR_DEFAULT_HISTORY,FALSE
APP-2026-0226,2026-06-13,36374,Business expansion,24,1.6,561730,Landscaping services,600552,50046,828,193955,0.8,65,616,0.71,0,2,7125,11,93,1206,FALSE,FALSE,FALSE,MN,560,71,0.82,Auto-deny,INSUFFICIENT_CASH_FLOW,FALSE
APP-2026-0227,2026-06-14,31705,Equipment purchase,48,14.5,488510,Freight transportation arrangement,4547568,378964,84907,67149,2.41,81,717,0.44,0,1,241421,1,12,4081,FALSE,FALSE,FALSE,NY,112,40,0.87,Auto-approve,,FALSE
APP-2026-0228,2026-06-14,207057,Debt refinancing,48,16.9,236220,Commercial building construction,2252850,187738,57739,276124,1.44,89,817,0.24,0,1,62669,2,29,4954,FALSE,FALSE,FALSE,MO,630,40,0.84,Auto-approve,,FALSE
APP-2026-0229,2026-06-14,69500,Seasonal cash flow,24,6.7,621210,Offices of dentists,4459572,371631,104857,234821,1.9,71,731,0.28,0,1,304707,0,35,3341,FALSE,FALSE,FALSE,CO,808,37,0.92,Auto-approve,,FALSE
APP-2026-0230,2026-06-14,308077,Business expansion,24,4.3,453998,Miscellaneous specialty retail,2826064,235505,16868,182915,2.28,84,714,0.39,0,1,147512,1,42,1693,FALSE,FALSE,FALSE,MN,551,38,0.87,Auto-approve,,FALSE
APP-2026-0231,2026-06-16,471609,Payroll support,48,18.0,531120,Lessors of nonresidential buildings,4147851,345654,23486,351601,2.1,79,713,0.33,0,0,111123,2,40,2637,FALSE,FALSE,FALSE,WA,980,12,0.94,Auto-approve,,FALSE
APP-2026-0232,2026-06-16,192274,Seasonal cash flow,36,2.3,484121,General freight trucking,663337,55278,-4176,365276,0.63,63,636,0.76,0,2,8021,11,94,997,FALSE,FALSE,FALSE,CT,066,71,0.95,Auto-deny,INSUFFICIENT_CASH_FLOW,FALSE
APP-2026-0233,2026-06-16,76510,Inventory financing,60,3.3,339999,Miscellaneous manufacturing,1687788,140649,5114,440282,1.13,50,649,0.57,0,1,5085,3,60,1432,FALSE,FALSE,FALSE,WI,535,71,0.73,Manual review,FRAUD_REVIEW,TRUE
APP-2026-0234,2026-06-17,262012,Merchant financing,36,9.7,541611,Management consulting services,3485309,290442,89131,327370,2.36,91,758,0.31,0,1,50656,2,28,3762,FALSE,FALSE,FALSE,SC,290,23,0.98,Auto-approve,,FALSE
APP-2026-0235,2026-06-18,244455,Merchant financing,48,0.7,448140,Clothing and apparel retail,822212,68518,4080,172123,0.85,42,638,0.62,1,5,13265,5,93,577,FALSE,FALSE,FALSE,WI,548,73,0.84,Auto-deny,HIGH_DELINQUENCY_RATE,FALSE
APP-2026-0236,2026-06-20,286840,Merchant financing,12,5.4,236220,Commercial building construction,146447,12204,-3469,75087,0.72,57,661,0.64,0,7,3307,5,89,968,FALSE,FALSE,FALSE,MO,630,96,0.89,Auto-deny,INSUFFICIENT_CASH_FLOW,FALSE
APP-2026-0237,2026-06-21,407973,Equipment purchase,60,12.3,541611,Management consulting services,1292995,107750,37820,91380,1.89,94,723,0.32,0,1,43447,0,30,3221,FALSE,FALSE,FALSE,MI,490,15,0.93,Auto-approve,,FALSE
APP-2026-0238,2026-06-21,421859,Seasonal cash flow,36,17.3,441110,New car dealers,5065590,422132,138410,1230537,1.72,94,702,0.25,0,0,248387,2,29,1018,FALSE,FALSE,FALSE,NY,120,8,0.91,Auto-approve,,FALSE
APP-2026-0239,2026-06-25,42176,Equipment purchase,36,9.5,236220,Commercial building construction,4679136,389928,60333,525095,2.6,72,709,0.23,0,0,296175,2,12,3558,FALSE,FALSE,FALSE,TN,370,44,0.95,Auto-approve,,FALSE
APP-2026-0240,2026-06-26,258804,Working capital,24,6.0,484121,General freight trucking,1179154,98263,535,404238,1.02,30,627,0.96,1,4,12789,7,68,906,FALSE,FALSE,FALSE,CT,061,74,0.92,Auto-deny,PRIOR_DEFAULT_HISTORY,FALSE
APP-2026-0241,2026-06-26,256560,Merchant financing,48,16.7,812112,Beauty salons and personal care,716758,59730,18665,120329,1.5,79,786,0.39,0,1,49154,1,33,1687,FALSE,FALSE,FALSE,SC,292,44,0.86,Auto-approve,,FALSE
APP-2026-0242,2026-06-27,384690,Merchant financing,48,2.0,621210,Offices of dentists,353656,29471,582,99568,1.03,42,555,0.63,2,7,2820,5,91,827,FALSE,FALSE,FALSE,MI,490,86,0.83,Auto-deny,HIGH_DELINQUENCY_RATE,FALSE
APP-2026-0243,2026-06-27,79145,Debt refinancing,12,1.5,484121,General freight trucking,920080,76673,1098,497823,0.87,63,561,0.82,1,8,1728,4,62,484,FALSE,FALSE,FALSE,OH,445,96,0.93,Auto-deny,EXCESSIVE_CREDIT_UTILIZATION,FALSE
APP-2026-0244,2026-06-27,335647,Seasonal cash flow,60,8.0,722410,Drinking places — alcoholic beverages,1747387,145616,51172,100941,2.48,88,705,0.23,0,1,34373,2,33,1876,FALSE,FALSE,FALSE,OK,735,16,0.85,Auto-approve,,FALSE
APP-2026-0245,2026-06-27,282159,Working capital,12,7.0,561730,Landscaping services,396205,33017,-2750,111936,0.7,58,657,0.67,2,3,13262,5,89,761,FALSE,FALSE,FALSE,FL,346,68,0.88,Auto-deny,INSUFFICIENT_CASH_FLOW,FALSE
APP-2026-0246,2026-06-28,240731,Business expansion,36,4.3,441110,New car dealers,1130775,94231,1806,391691,0.91,27,677,0.8,0,4,1869,8,63,1127,FALSE,FALSE,FALSE,IN,470,80,0.9,Auto-deny,INSUFFICIENT_CASH_FLOW,FALSE
APP-2026-0247,2026-06-29,405139,Working capital,36,15.3,811111,Automotive repair and maintenance,3502651,291888,134188,594103,2.47,95,710,0.21,0,1,62812,2,29,1565,FALSE,FALSE,FALSE,TX,770,15,0.93,Auto-approve,,FALSE
APP-2026-0248,2026-06-29,232489,Payroll support,24,14.6,445110,Grocery and specialty food retail,1726515,143876,27332,110517,2.46,91,770,0.18,0,1,109276,0,31,2467,FALSE,FALSE,FALSE,AL,362,10,0.92,Auto-approve,,FALSE
APP-2026-0249,2026-06-30,403738,Working capital,48,14.6,448140,Clothing and apparel retail,3739864,311655,50013,770184,2.5,70,711,0.42,0,0,256427,0,33,1865,FALSE,FALSE,FALSE,UT,843,12,0.89,Auto-approve,,FALSE
APP-2026-0250,2026-06-30,391091,Seasonal cash flow,36,10.7,453998,Miscellaneous specialty retail,2335052,194588,65069,458396,2.48,86,789,0.13,0,1,155037,0,32,3246,FALSE,FALSE,FALSE,AZ,860,36,0.86,Auto-approve,,FALSE
